cpus;consequtive;peer-to-peer;collective
2;1;1.981211;1.964740
4;1;3.920159;3.922689
8;1;7.477377;7.493204
16;1;9.261204;9.330691
24;1;12.862625;12.855089
