cpus;consequtive;peer-to-peer;collective
2;100;99.060500;98.237000
4;100;98.003900;98.067200
8;100;93.467200;93.665000
16;100;57.882500;58.316800
24;100;53.594200;53.562800
